ID Group,Group,ID Subgroup,Subgroup,ID Occupation,Occupation,ID Year,Year,Workforce by Occupation and Gender,Workforce by Occupation and Gender Moe,ACS Occupation yg RCA,Geography,ID Geography,Slug Geography,Median Earnings,Median Earnings Moe,Workforce Prev,Workforce Growth,Median Earnings Prev,Median Earnings Growth,Share
0,"Management, Business, Science, & Arts Occupations",0,"Management, Business, & Financial Occupations",0,"Management Occupations",2021,"2021",453733,5468.569282728344,1.1012144118471578,"Dallas-Fort Worth-Arlington, TX","31000US19100","dallas-fort-worth-arlington-tx",166015,2944,443396,2.331324594718942,158634,4.65284869573988,11.872192595503757
0,"Management, Business, Science, & Arts Occupations",0,"Management, Business, & Financial Occupations",1,"Business & Financial Operations Occupations",2021,"2021",269544,4704.432484370457,1.2479727359945416,"Dallas-Fort Worth-Arlington, TX","31000US19100","dallas-fort-worth-arlington-tx",146386,2068,259252,3.9698825852838167,139208,5.156312855583012,7.052778354147627
0,"Management, Business, Science, & Arts Occupations",1,"Computer, Engineering, & Science Occupations",2,"Computer & Mathematical Occupations",2021,"2021",174840,3853.0471058630983,1.3494492674844316,"Dallas-Fort Worth-Arlington, TX","31000US19100","dallas-fort-worth-arlington-tx",174124,3771,163088,7.205925635239871,166503,4.577094707002276,4.574792120912248
0,"Management, Business, Science, & Arts Occupations",1,"Computer, Engineering, & Science Occupations",3,"Architecture & Engineering Occupations",2021,"2021",82731,2490.7928456617983,1.0494276019337287,"Dallas-Fort Worth-Arlington, TX","31000US19100","dallas-fort-worth-arlington-tx",168981,6640,77451,6.817213463996591,160079,5.5610042541495135,2.1647055991488853
0,"Management, Business, Science, & Arts Occupations",1,"Computer, Engineering, & Science Occupations",4,"Life, Physical, & Social Science Occupations",2021,"2021",23534,1532.6219364213732,0.5903975272790924,"Dallas-Fort Worth-Arlington, TX","31000US19100","dallas-fort-worth-arlington-tx",131046,11831,21681,8.546653752133205,121562,7.801780161563647,0.6157810442321485
0,"Management, Business, Science, & Arts Occupations",2,"Education, Legal, Community Service, Arts, & Media Occupations",5,"Community & Social Service Occupations",2021,"2021",50755,2087.7904588344113,0.7433893978351335,"Dallas-Fort Worth-Arlington, TX","31000US19100","dallas-fort-worth-arlington-tx",94369,4362,48580,4.477151090983944,91001,3.7010582301293393,1.3280346264979475
0,"Management, Business, Science, & Arts Occupations",2,"Education, Legal, Community Service, Arts, & Media Occupations",6,"Legal Occupations",2021,"2021",41663,1806.1331623111296,0.9324699465447244,"Dallas-Fort Worth-Arlington, TX","31000US19100","dallas-fort-worth-arlington-tx",215183,15442,41601,0.14903487896925555,199624,7.794153007654391,1.090137063221042
0,"Management, Business, Science, & Arts Occupations",2,"Education, Legal, Community Service, Arts, & Media Occupations",7,"Education Instruction, & Library Occupations",2021,"2021",223854,4064.4223451801854,0.9499070058914694,"Dallas-Fort Worth-Arlington, TX","31000US19100","dallas-fort-worth-arlington-tx",108429,1762,221395,1.110684523137379,103498,4.764343272333765,5.857272451582534
0,"Management, Business, Science, & Arts Occupations",2,"Education, Legal, Community Service, Arts, & Media Occupations",8,"Arts, Design, Entertainment, Sports, & Media Occupations",2021,"2021",67501,2151.8849876329355,0.8634086030031753,"Dallas-Fort Worth-Arlington, TX","31000US19100","dallas-fort-worth-arlington-tx",90240,4500,66714,1.179662439667836,85297,5.795045546736696,1.7662036316271885
0,"Management, Business, Science, & Arts Occupations",3,"Healthcare Practitioners & Technical Occupations",9,"Health Diagnosing & Treating Practitioners & Other Technical Occupations",2021,"2021",133733,3463.756631173732,0.8255711207033734,"Dallas-Fort Worth-Arlington, TX","31000US19100","dallas-fort-worth-arlington-tx",185743,7593,129993,2.8770779965075044,180595,2.850577258506603,3.499203126892917
0,"Management, Business, Science, & Arts Occupations",3,"Healthcare Practitioners & Technical Occupations",10,"Health Technologists & Technicians",2021,"2021",61809,2307.0468135692436,0.8246389174583009,"Dallas-Fort Worth-Arlington, TX","31000US19100","dallas-fort-worth-arlington-tx",92790,5037,62218,-0.6573660355524125,86642,7.095865746404746,1.6172690814542732
1,"Service Occupations",4,"Service Occupations",11,"Healthcare Support Occupations",2021,"2021",89859,3103.6251384469747,0.7171328175891765,"Dallas-Fort Worth-Arlington, TX","31000US19100","dallas-fort-worth-arlington-tx",52579,3671,89724,0.15046141500601845,50562,3.9891618211304936,2.351213939562192
1,"Service Occupations",4,"Service Occupations",14,"Food Preparation & Serving Related Occupations",2021,"2021",187189,4060.073152050342,0.9105757885084433,"Dallas-Fort Worth-Arlington, TX","31000US19100","dallas-fort-worth-arlington-tx",34414,1107,192180,-2.5970444375065043,33441,2.9096019855865554,4.8979110176243585
1,"Service Occupations",4,"Service Occupations",15,"Building & Grounds Cleaning & Maintenance Occupations",2021,"2021",121992,3732.253206844359,0.8885112226624138,"Dallas-Fort Worth-Arlington, TX","31000US19100","dallas-fort-worth-arlington-tx",46138,1463,123080,-0.8839779005524863,43905,5.085981095547204,3.1919929101711673
1,"Service Occupations",4,"Service Occupations",16,"Personal Care & Service Occupations",2021,"2021",96602,2932.29636974164,0.959880227599056,"Dallas-Fort Worth-Arlington, TX","31000US19100","dallas-fort-worth-arlington-tx",45719,1994,96323,0.28965044693375414,42952,6.442074874278264,2.5276485270210762
1,"Service Occupations",5,"Protective Service Occupations",12,"Fire Fighting & Prevention, & Other Protective Service Workers Including Supervisors",2021,"2021",40645,2011.7467534458704,0.9032887760500126,"Dallas-Fort Worth-Arlington, TX","31000US19100","dallas-fort-worth-arlington-tx",69171,5658,40520,0.30848963474827246,63587,8.781669209115071,1.0635004904740237
1,"Service Occupations",5,"Protective Service Occupations",13,"Law Enforcement Workers Including Supervisors",2021,"2021",26524,1755.197994529392,0.7148580756100311,"Dallas-Fort Worth-Arlington, TX","31000US19100","dallas-fort-worth-arlington-tx",127996,5801,25217,5.183011460522664,119597,7.022751406807863,0.694016164579481
2,"Sales & Office Occupations",6,"Sales & Office Occupations",17,"Sales & Related Occupations",2021,"2021",396580,6188.34468981811,1.0621292392286634,"Dallas-Fort Worth-Arlington, TX","31000US19100","dallas-fort-worth-arlington-tx",77768,1634,404387,-1.930576403296842,74372,4.566234604421019,10.376750510817772
2,"Sales & Office Occupations",6,"Sales & Office Occupations",18,"Office & Administrative Support Occupations",2021,"2021",443909,6248.430282879052,1.0470154504274565,"Dallas-Fort Worth-Arlington, TX","31000US19100","dallas-fort-worth-arlington-tx",74222,1225,442842,0.24094372259180477,71137,4.336702419275483,11.615141818817404
3,"Natural Resources, Construction, & Maintenance Occupations",7,"Natural Resources, Construction, & Maintenance Occupations",19,"Farming, Fishing, & Forestry Occupations",2021,"2021",5047,662.3714969712994,0.21329079411812704,"Dallas-Fort Worth-Arlington, TX","31000US19100","dallas-fort-worth-arlington-tx",46549,3484,5133,-1.675433469705825,43932,5.956933442593098,0.13205774327524658
3,"Natural Resources, Construction, & Maintenance Occupations",7,"Natural Resources, Construction, & Maintenance Occupations",20,"Construction & Extraction Occupations",2021,"2021",226544,4365.187853918775,1.1801073743649628,"Dallas-Fort Worth-Arlington, TX","31000US19100","dallas-fort-worth-arlington-tx",68836,2053,225184,0.6039505471081427,65112,5.719375844698366,5.927657894303044
3,"Natural Resources, Construction, & Maintenance Occupations",7,"Natural Resources, Construction, & Maintenance Occupations",21,"Installation, Maintenance, & Repair Occupations",2021,"2021",116378,3348.1674091956634,0.9925631262749751,"Dallas-Fort Worth-Arlington, TX","31000US19100","dallas-fort-worth-arlington-tx",88659,6021,114363,1.7619334924757133,82093,7.998245891854361,3.045099276181226
4,"Production, Transportation, & Material Moving Occupations",8,"Production, Transportation, & Material Moving Occupations",22,"Production Occupations",2021,"2021",173747,3870.1365608980777,0.8231790936262036,"Dallas-Fort Worth-Arlington, TX","31000US19100","dallas-fort-worth-arlington-tx",67813,1514,174170,-0.24286616524085664,64163,5.688636753269018,4.5461931287585235
4,"Production, Transportation, & Material Moving Occupations",8,"Production, Transportation, & Material Moving Occupations",23,"Transportation Occupations",2021,"2021",149140,3789.5441678386596,1.0220130718964169,"Dallas-Fort Worth-Arlington, TX","31000US19100","dallas-fort-worth-arlington-tx",80110,4274,145149,2.7495883540361974,75681,5.85219539910942,3.9023364042144397
0,"Management, Business, Science, & Arts Occupations",0,"Management, Business, & Financial Occupations",0,"Management Occupations",2020,"2020",443396,6492.534559014684,1.1196813808982313,"Dallas-Fort Worth-Arlington, TX","31000US19100","dallas-fort-worth-arlington-tx",158634,3153,413137,7.3242048037333864,156500,1.3635782747603833,11.76054320725691
0,"Management, Business, Science, & Arts Occupations",0,"Management, Business, & Financial Occupations",1,"Business & Financial Operations Occupations",2020,"2020",259252,4601.868533541566,1.2451561383018495,"Dallas-Fort Worth-Arlington, TX","31000US19100","dallas-fort-worth-arlington-tx",139208,2569,245938,5.413559514999715,135980,2.3738785115458154,6.876346082435945
0,"Management, Business, Science, & Arts Occupations",1,"Computer, Engineering, & Science Occupations",2,"Computer & Mathematical Occupations",2020,"2020",163088,4046.5986952006983,1.3292991426680574,"Dallas-Fort Worth-Arlington, TX","31000US19100","dallas-fort-worth-arlington-tx",166503,2666,155097,5.152259553698653,165249,0.7588548190911896,4.325712163810938
0,"Management, Business, Science, & Arts Occupations",1,"Computer, Engineering, & Science Occupations",3,"Architecture & Engineering Occupations",2020,"2020",77451,2548.4379529429393,1.0368484046987034,"Dallas-Fort Worth-Arlington, TX","31000US19100","dallas-fort-worth-arlington-tx",160079,5961,72221,7.24166101272483,158463,1.0197964193534137,2.0542942018991037
0,"Management, Business, Science, & Arts Occupations",1,"Computer, Engineering, & Science Occupations",4,"Life, Physical, & Social Science Occupations",2020,"2020",21681,1346.000371470974,0.578684580798223,"Dallas-Fort Worth-Arlington, TX","31000US19100","dallas-fort-worth-arlington-tx",121562,8946,19729,9.894064574991129,114841,5.8524394597748195,0.575062330910827
0,"Management, Business, Science, & Arts Occupations",2,"Education, Legal, Community Service, Arts, & Media Occupations",5,"Community & Social Service Occupations",2020,"2020",48580,1859.4219531886786,0.7256605404373927,"Dallas-Fort Worth-Arlington, TX","31000US19100","dallas-fort-worth-arlington-tx",91001,4537,47307,2.6909336884604818,89333,1.8671711461609932,1.2885258076494617
0,"Management, Business, Science, & Arts Occupations",2,"Education, Legal, Community Service, Arts, & Media Occupations",6,"Legal Occupations",2020,"2020",41601,1747.2449742380147,0.9665424433667801,"Dallas-Fort Worth-Arlington, TX","31000US19100","dallas-fort-worth-arlington-tx",199624,13834,39391,5.610418623543449,194992,2.3754820710593254,1.103416264389157
0,"Management, Business, Science, & Arts Occupations",2,"Education, Legal, Community Service, Arts, & Media Occupations",7,"Education Instruction, & Library Occupations",2020,"2020",221395,4130.305799816764,0.958445846814247,"Dallas-Fort Worth-Arlington, TX","31000US19100","dallas-fort-worth-arlington-tx",103498,1704,213812,3.5465736254279463,100688,2.7907993008104244,5.872234894700546
0,"Management, Business, Science, & Arts Occupations",2,"Education, Legal, Community Service, Arts, & Media Occupations",8,"Arts, Design, Entertainment, Sports, & Media Occupations",2020,"2020",66714,2322.2904641754008,0.8661752140813168,"Dallas-Fort Worth-Arlington, TX","31000US19100","dallas-fort-worth-arlington-tx",85297,3985,64232,3.864117573794993,85114,0.21500575698474986,1.7695082488992626
0,"Management, Business, Science, & Arts Occupations",3,"Healthcare Practitioners & Technical Occupations",9,"Health Diagnosing & Treating Practitioners & Other Technical Occupations",2020,"2020",129993,3377.889429806725,0.8276994869330901,"Dallas-Fort Worth-Arlington, TX","31000US19100","dallas-fort-worth-arlington-tx",180595,9155,126747,2.561007361120973,176730,2.186951847450914,3.4479072728237226
0,"Management, Business, Science, & Arts Occupations",3,"Healthcare Practitioners & Technical Occupations",10,"Health Technologists & Technicians",2020,"2020",62218,2359.5190187832773,0.8416870200746421,"Dallas-Fort Worth-Arlington, TX","31000US19100","dallas-fort-worth-arlington-tx",86642,3852,60421,2.974131510567518,85284,1.5923268139393087,1.6502572807808604
1,"Service Occupations",4,"Service Occupations",11,"Healthcare Support Occupations",2020,"2020",89724,2605.157384880998,0.7267626117063052,"Dallas-Fort Worth-Arlington, TX","31000US19100","dallas-fort-worth-arlington-tx",50562,2045,86119,4.186068115050105,50596,-0.06719898806229742,2.3798206991671527
1,"Service Occupations",4,"Service Occupations",14,"Food Preparation & Serving Related Occupations",2020,"2020",192180,3905.6739495252286,0.9174030699126212,"Dallas-Fort Worth-Arlington, TX","31000US19100","dallas-fort-worth-arlington-tx",33441,1189,194708,-1.2983544589847362,33206,0.7077034270914895,5.097342316057504
1,"Service Occupations",4,"Service Occupations",15,"Building & Grounds Cleaning & Maintenance Occupations",2020,"2020",123080,3673.7471333775816,0.8876355345429902,"Dallas-Fort Worth-Arlington, TX","31000US19100","dallas-fort-worth-arlington-tx",43905,912,126257,-2.5162961261553813,42731,2.7474199059231004,3.264548299824943
1,"Service Occupations",4,"Service Occupations",16,"Personal Care & Service Occupations",2020,"2020",96323,3050.387024624908,0.934584852223182,"Dallas-Fort Worth-Arlington, TX","31000US19100","dallas-fort-worth-arlington-tx",42952,2921,94885,1.5155187858987194,41084,4.546782202317204,2.5548512015277707
1,"Service Occupations",5,"Protective Service Occupations",12,"Fire Fighting & Prevention, & Other Protective Service Workers Including Supervisors",2020,"2020",40520,1793.4352511311915,0.9167616200673308,"Dallas-Fort Worth-Arlington, TX","31000US19100","dallas-fort-worth-arlington-tx",63587,4544,38228,5.995605315475568,63488,0.15593497983870966,1.0747440454087316
1,"Service Occupations",5,"Protective Service Occupations",13,"Law Enforcement Workers Including Supervisors",2020,"2020",25217,1519.3896801018493,0.6918540348444892,"Dallas-Fort Worth-Arlington, TX","31000US19100","dallas-fort-worth-arlington-tx",119597,5335,24780,1.7635189669087974,118808,0.6640966938253317,0.6688504588615989
2,"Sales & Office Occupations",6,"Sales & Office Occupations",17,"Sales & Related Occupations",2020,"2020",404387,6055.899685430729,1.072182555187404,"Dallas-Fort Worth-Arlington, TX","31000US19100","dallas-fort-worth-arlington-tx",74372,2143,408925,-1.10973894968515,71409,4.149336918315619,10.725876611320356
2,"Sales & Office Occupations",6,"Sales & Office Occupations",18,"Office & Administrative Support Occupations",2020,"2020",442842,5554.4139204780195,1.0372396130009287,"Dallas-Fort Worth-Arlington, TX","31000US19100","dallas-fort-worth-arlington-tx",71137,1237,431911,2.5308454751094556,70563,0.8134574777149498,11.74584902657684
3,"Natural Resources, Construction, & Maintenance Occupations",7,"Natural Resources, Construction, & Maintenance Occupations",19,"Farming, Fishing, & Forestry Occupations",2020,"2020",5133,640.0781202322104,0.21196647758695875,"Dallas-Fort Worth-Arlington, TX","31000US19100","dallas-fort-worth-arlington-tx",43932,2392,5498,-6.638777737359039,42428,3.5448288865843307,0.1361466235212986
3,"Natural Resources, Construction, & Maintenance Occupations",7,"Natural Resources, Construction, & Maintenance Occupations",20,"Construction & Extraction Occupations",2020,"2020",225184,4603.344870852064,1.1877823469143844,"Dallas-Fort Worth-Arlington, TX","31000US19100","dallas-fort-worth-arlington-tx",65112,2666,226940,-0.7737728033841544,63248,2.947128762964837,5.9727335419871626
3,"Natural Resources, Construction, & Maintenance Occupations",7,"Natural Resources, Construction, & Maintenance Occupations",21,"Installation, Maintenance, & Repair Occupations",2020,"2020",114363,3243.5107522559565,0.9891899305000947,"Dallas-Fort Worth-Arlington, TX","31000US19100","dallas-fort-worth-arlington-tx",82093,7798,116483,-1.8200080698471022,75617,8.564211751325761,3.033340406344491
4,"Production, Transportation, & Material Moving Occupations",8,"Production, Transportation, & Material Moving Occupations",22,"Production Occupations",2020,"2020",174170,4145.945609869961,0.8274986070937345,"Dallas-Fort Worth-Arlington, TX","31000US19100","dallas-fort-worth-arlington-tx",64163,1485,178822,-2.601469617832258,61896,3.6625953211839217,4.6196488249960215
4,"Production, Transportation, & Material Moving Occupations",8,"Production, Transportation, & Material Moving Occupations",23,"Transportation Occupations",2020,"2020",145149,3758.2635618061704,1.0115142079873736,"Dallas-Fort Worth-Arlington, TX","31000US19100","dallas-fort-worth-arlington-tx",75681,3044,139242,4.242254492179084,73526,2.930935995430188,3.849901861970187
0,"Management, Business, Science, & Arts Occupations",0,"Management, Business, & Financial Occupations",0,"Management Occupations",2019,"2019",413137,5020.412034883193,1.0968512752472945,"Dallas-Fort Worth-Arlington, TX","31000US19100","dallas-fort-worth-arlington-tx",156500,2125,398160,3.761553144464537,153237,2.1293812851987446,11.19984883862466
0,"Management, Business, Science, & Arts Occupations",0,"Management, Business, & Financial Occupations",1,"Business & Financial Operations Occupations",2019,"2019",245938,3846.9221463398503,1.2443271379846765,"Dallas-Fort Worth-Arlington, TX","31000US19100","dallas-fort-worth-arlington-tx",135980,2068,237514,3.546738297531935,131026,3.7809289759284415,6.66720343051741
0,"Management, Business, Science, & Arts Occupations",1,"Computer, Engineering, & Science Occupations",2,"Computer & Mathematical Occupations",2019,"2019",155097,2993.721596942508,1.3447670471543705,"Dallas-Fort Worth-Arlington, TX","31000US19100","dallas-fort-worth-arlington-tx",165249,2817,147735,4.983247030155346,160254,3.1169268785802537,4.204568836304104
0,"Management, Business, Science, & Arts Occupations",1,"Computer, Engineering, & Science Occupations",3,"Architecture & Engineering Occupations",2019,"2019",72221,2024.6454010517493,1.0288576106907112,"Dallas-Fort Worth-Arlington, TX","31000US19100","dallas-fort-worth-arlington-tx",158463,5386,70201,2.8774518881497415,157088,0.8753055612140965,1.9578597002309441
0,"Management, Business, Science, & Arts Occupations",1,"Computer, Engineering, & Science Occupations",4,"Life, Physical, & Social Science Occupations",2019,"2019",19729,1098.8867093563376,0.5593214683354073,"Dallas-Fort Worth-Arlington, TX","31000US19100","dallas-fort-worth-arlington-tx",114841,7114,19089,3.352716224003353,114346,0.4328966470186976,0.5348390914810968
0,"Management, Business, Science, & Arts Occupations",2,"Education, Legal, Community Service, Arts, & Media Occupations",5,"Community & Social Service Occupations",2019,"2019",47307,1540.0324671902213,0.7331446304999665,"Dallas-Fort Worth-Arlington, TX","31000US19100","dallas-fort-worth-arlington-tx",89333,2630,46117,2.580393347355639,86615,3.1380245915834437,1.2824589639969712
0,"Management, Business, Science, & Arts Occupations",2,"Education, Legal, Community Service, Arts, & Media Occupations",6,"Legal Occupations",2019,"2019",39391,1327.2396166480262,0.9627873589345862,"Dallas-Fort Worth-Arlington, TX","31000US19100","dallas-fort-worth-arlington-tx",194992,11159,38674,1.8539587319646273,191171,1.9987341176224427,1.0678618608409896
0,"Management, Business, Science, & Arts Occupations",2,"Education, Legal, Community Service, Arts, & Media Occupations",7,"Education Instruction, & Library Occupations",2019,"2019",213812,3659.749718218447,0.9565255237590754,"Dallas-Fort Worth-Arlington, TX","31000US19100","dallas-fort-worth-arlington-tx",100688,1388,210025,1.8031186763480538,98472,2.2503858964984973,5.796290528042793
0,"Management, Business, Science, & Arts Occupations",2,"Education, Legal, Community Service, Arts, & Media Occupations",8,"Arts, Design, Entertainment, Sports, & Media Occupations",2019,"2019",64232,1816.6036992145537,0.8610715877524444,"Dallas-Fort Worth-Arlington, TX","31000US19100","dallas-fort-worth-arlington-tx",85114,4291,63331,1.4226839936208178,82261,3.46822917299814,1.7412836192414116
0,"Management, Business, Science, & Arts Occupations",3,"Healthcare Practitioners & Technical Occupations",9,"Health Diagnosing & Treating Practitioners & Other Technical Occupations",2019,"2019",126747,3018.8739622581134,0.8423771394962664,"Dallas-Fort Worth-Arlington, TX","31000US19100","dallas-fort-worth-arlington-tx",176730,6528,123400,2.712317666126418,171738,2.906753310274954,3.4360205954662972
0,"Management, Business, Science, & Arts Occupations",3,"Healthcare Practitioners & Technical Occupations",10,"Health Technologists & Technicians",2019,"2019",60421,2096.638261598791,0.8411719118779653,"Dallas-Fort Worth-Arlington, TX","31000US19100","dallas-fort-worth-arlington-tx",85284,3742,58933,2.524901158943207,81211,5.015330435532133,1.637970132615913
1,"Service Occupations",4,"Service Occupations",11,"Healthcare Support Occupations",2019,"2019",86119,2393.4621367383274,0.7146751974545241,"Dallas-Fort Worth-Arlington, TX","31000US19100","dallas-fort-worth-arlington-tx",50596,1934,85413,0.8265720674838726,48956,3.349946891085873,2.3346245485965116
1,"Service Occupations",4,"Service Occupations",14,"Food Preparation & Serving Related Occupations",2019,"2019",194708,3993.775156415293,0.920977508977944,"Dallas-Fort Worth-Arlington, TX","31000US19100","dallas-fort-worth-arlington-tx",33206,1067,190810,2.0428698705518578,31710,4.717754651529487,5.278394739931137
1,"Service Occupations",4,"Service Occupations",15,"Building & Grounds Cleaning & Maintenance Occupations",2019,"2019",126257,3013.6973968864227,0.8979834461521887,"Dallas-Fort Worth-Arlington, TX","31000US19100","dallas-fort-worth-arlington-tx",42731,793,127423,-0.9150624298596015,40232,6.211473453966992,3.422737045624656
1,"Service Occupations",4,"Service Occupations",16,"Personal Care & Service Occupations",2019,"2019",94885,2410.3030929739934,0.914739108814998,"Dallas-Fort Worth-Arlington, TX","31000US19100","dallas-fort-worth-arlington-tx",41084,1996,94326,0.5926255751330491,38100,7.832020997375327,2.5722645443349323
1,"Service Occupations",5,"Protective Service Occupations",12,"Fire Fighting & Prevention, & Other Protective Service Workers Including Supervisors",2019,"2019",38228,1649.6729978998867,0.8832861461530453,"Dallas-Fort Worth-Arlington, TX","31000US19100","dallas-fort-worth-arlington-tx",63488,3805,37977,0.660926350159307,61158,3.8098041139343994,1.0363337619311355
1,"Service Occupations",5,"Protective Service Occupations",13,"Law Enforcement Workers Including Supervisors",2019,"2019",24780,1267.6355943251199,0.700943880825534,"Dallas-Fort Worth-Arlington, TX","31000US19100","dallas-fort-worth-arlington-tx",118808,5781,26066,-4.933630016112945,112566,5.545191265568644,0.6717680919915646
2,"Sales & Office Occupations",6,"Sales & Office Occupations",17,"Sales & Related Occupations",2019,"2019",408925,4453.556893091184,1.0852165100755362,"Dallas-Fort Worth-Arlington, TX","31000US19100","dallas-fort-worth-arlington-tx",71409,2068,406124,0.689690833341541,68960,3.551334106728538,11.085664528557327
2,"Sales & Office Occupations",6,"Sales & Office Occupations",18,"Office & Administrative Support Occupations",2019,"2019",431911,5497.676691112346,1.0257955337330285,"Dallas-Fort Worth-Arlington, TX","31000US19100","dallas-fort-worth-arlington-tx",70563,1068,432681,-0.17796020624894554,69390,1.690445309122352,11.708798562557252
3,"Natural Resources, Construction, & Maintenance Occupations",7,"Natural Resources, Construction, & Maintenance Occupations",19,"Farming, Fishing, & Forestry Occupations",2019,"2019",5498,667.3717105182089,0.22040437135620017,"Dallas-Fort Worth-Arlington, TX","31000US19100","dallas-fort-worth-arlington-tx",42428,3305,5839,-5.840041102928584,42498,-0.16471363358275684,0.14904685108029148
3,"Natural Resources, Construction, & Maintenance Occupations",7,"Natural Resources, Construction, & Maintenance Occupations",20,"Construction & Extraction Occupations",2019,"2019",226940,4046.733250413227,1.2070846247253288,"Dallas-Fort Worth-Arlington, TX","31000US19100","dallas-fort-worth-arlington-tx",63248,1418,218372,3.923579946146942,61868,2.230555375961725,6.152181226657211
3,"Natural Resources, Construction, & Maintenance Occupations",7,"Natural Resources, Construction, & Maintenance Occupations",21,"Installation, Maintenance, & Repair Occupations",2019,"2019",116483,3006.2617983136465,1.0240341734932763,"Dallas-Fort Worth-Arlington, TX","31000US19100","dallas-fort-worth-arlington-tx",75617,4085,117898,-1.200189994741217,73451,2.9489047119848606,3.157770890212003
4,"Production, Transportation, & Material Moving Occupations",8,"Production, Transportation, & Material Moving Occupations",22,"Production Occupations",2019,"2019",178822,3207.003585903826,0.8470432385818396,"Dallas-Fort Worth-Arlington, TX","31000US19100","dallas-fort-worth-arlington-tx",61896,1384,179255,-0.24155532621126327,59469,4.081117893356202,4.847736632208053
4,"Production, Transportation, & Material Moving Occupations",8,"Production, Transportation, & Material Moving Occupations",23,"Transportation Occupations",2019,"2019",139242,3193.2261116306813,0.9940120421054945,"Dallas-Fort Worth-Arlington, TX","31000US19100","dallas-fort-worth-arlington-tx",73526,1670,134230,3.733889592490501,70876,3.7389243185281336,3.7747511164281455
0,"Management, Business, Science, & Arts Occupations",0,"Management, Business, & Financial Occupations",0,"Management Occupations",2018,"2018",398160,4657.193682895312,1.0993884425546157,"Dallas-Fort Worth-Arlington, TX","31000US19100","dallas-fort-worth-arlington-tx",153237,2193,397480,0.17107779007748816,148482,3.2024083727320485,10.986621575234738
0,"Management, Business, Science, & Arts Occupations",0,"Management, Business, & Financial Occupations",1,"Business & Financial Operations Occupations",2018,"2018",237514,3338.695104378356,1.2329276428974596,"Dallas-Fort Worth-Arlington, TX","31000US19100","dallas-fort-worth-arlington-tx",131026,2013,213676,11.156142945393961,124905,4.900524398542892,6.553838750302149
0,"Management, Business, Science, & Arts Occupations",1,"Computer, Engineering, & Science Occupations",2,"Computer & Mathematical Occupations",2018,"2018",147735,2887.2583881599517,1.3436912296275232,"Dallas-Fort Worth-Arlington, TX","31000US19100","dallas-fort-worth-arlington-tx",160254,3258,138406,6.740314726240191,156825,2.186513629842181,4.076523353469218
0,"Management, Business, Science, & Arts Occupations",1,"Computer, Engineering, & Science Occupations",3,"Architecture & Engineering Occupations",2018,"2018",70201,1775.675927639951,1.048402871198791,"Dallas-Fort Worth-Arlington, TX","31000US19100","dallas-fort-worth-arlington-tx",157088,6809,69279,1.3308506185135467,154390,1.7475225079344519,1.93709016777942
0,"Management, Business, Science, & Arts Occupations",1,"Computer, Engineering, & Science Occupations",4,"Life, Physical, & Social Science Occupations",2018,"2018",19089,992.2827218086588,0.5680777367727313,"Dallas-Fort Worth-Arlington, TX","31000US19100","dallas-fort-worth-arlington-tx",114346,6697,17673,8.012222033610593,108165,5.714417787639254,0.5267320153949565
0,"Management, Business, Science, & Arts Occupations",2,"Education, Legal, Community Service, Arts, & Media Occupations",5,"Community & Social Service Occupations",2018,"2018",46117,1687.3046553601396,0.7359656777677546,"Dallas-Fort Worth-Arlington, TX","31000US19100","dallas-fort-worth-arlington-tx",86615,2762,44443,3.7666224152284946,82726,4.701061335009549,1.2725286999826713
0,"Management, Business, Science, & Arts Occupations",2,"Education, Legal, Community Service, Arts, & Media Occupations",6,"Legal Occupations",2018,"2018",38674,1593.4632094905737,0.9672500249460884,"Dallas-Fort Worth-Arlington, TX","31000US19100","dallas-fort-worth-arlington-tx",191171,8613,39142,-1.1956466199989781,185497,3.0588095764351984,1.0671503988362172
0,"Management, Business, Science, & Arts Occupations",2,"Education, Legal, Community Service, Arts, & Media Occupations",7,"Education Instruction, & Library Occupations",2018,"2018",210025,3203.1248804878023,0.961564154712119,"Dallas-Fort Worth-Arlington, TX","31000US19100","dallas-fort-worth-arlington-tx",98472,1303,207461,1.2358949392897942,96297,2.2586373407271254,5.795321469606881
0,"Management, Business, Science, & Arts Occupations",2,"Education, Legal, Community Service, Arts, & Media Occupations",8,"Arts, Design, Entertainment, Sports, & Media Occupations",2018,"2018",63331,1964.4790658085415,0.8727816805792578,"Dallas-Fort Worth-Arlington, TX","31000US19100","dallas-fort-worth-arlington-tx",82261,3785,61377,3.1836029783143522,78349,4.993043944402609,1.7475229329445225
0,"Management, Business, Science, & Arts Occupations",3,"Healthcare Practitioners & Technical Occupations",9,"Health Diagnosing & Treating Practitioners & Other Technical Occupations",2018,"2018",123400,2619.4629220510074,0.8476738676549059,"Dallas-Fort Worth-Arlington, TX","31000US19100","dallas-fort-worth-arlington-tx",171738,3915,118248,4.356944726337867,167861,2.3096490548727817,3.405035921197425
0,"Management, Business, Science, & Arts Occupations",3,"Healthcare Practitioners & Technical Occupations",10,"Health Technologists & Technicians",2018,"2018",58933,2233.128970749339,0.8376408341484556,"Dallas-Fort Worth-Arlington, TX","31000US19100","dallas-fort-worth-arlington-tx",81211,3371,56446,4.405980937533218,78867,2.972092256583869,1.6261667904694312
1,"Service Occupations",4,"Service Occupations",11,"Healthcare Support Occupations",2018,"2018",85413,2235.2601638288106,0.7247464556525187,"Dallas-Fort Worth-Arlington, TX","31000US19100","dallas-fort-worth-arlington-tx",48956,1782,64505,32.41299124098907,51268,-4.509635640165405,2.3568422458446974
1,"Service Occupations",4,"Service Occupations",14,"Food Preparation & Serving Related Occupations",2018,"2018",190810,3840.3657377911286,0.9128330707621517,"Dallas-Fort Worth-Arlington, TX","31000US19100","dallas-fort-worth-arlington-tx",31710,796,187710,1.6514836716211174,30762,3.081724205188219,5.26511267523242
1,"Service Occupations",4,"Service Occupations",15,"Building & Grounds Cleaning & Maintenance Occupations",2018,"2018",127423,3091.6730098766916,0.9075005642581583,"Dallas-Fort Worth-Arlington, TX","31000US19100","dallas-fort-worth-arlington-tx",40232,1079,127209,0.16822709085049015,38050,5.734559789750328,3.516044507185895
1,"Service Occupations",4,"Service Occupations",16,"Personal Care & Service Occupations",2018,"2018",94326,2651.991704361083,0.9225455436153844,"Dallas-Fort Worth-Arlington, TX","31000US19100","dallas-fort-worth-arlington-tx",38100,1605,110224,-14.423356074902019,36181,5.303888781404605,2.6027829684187056
1,"Service Occupations",5,"Protective Service Occupations",12,"Fire Fighting & Prevention, & Other Protective Service Workers Including Supervisors",2018,"2018",37977,1616.3168006303715,0.8939492061996638,"Dallas-Fort Worth-Arlington, TX","31000US19100","dallas-fort-worth-arlington-tx",61158,4782,37001,2.6377665468500853,58570,4.418644357179444,1.0479177405130844
1,"Service Occupations",5,"Protective Service Occupations",13,"Law Enforcement Workers Including Supervisors",2018,"2018",26066,1238.7897319561541,0.7430628840813481,"Dallas-Fort Worth-Arlington, TX","31000US19100","dallas-fort-worth-arlington-tx",112566,4646,26039,0.10369061791927493,110734,1.6544150847978039,0.7192517530140363
2,"Sales & Office Occupations",6,"Sales & Office Occupations",17,"Sales & Related Occupations",2018,"2018",406124,4864.711810580355,1.0768885984162748,"Dallas-Fort Worth-Arlington, TX","31000US19100","dallas-fort-worth-arlington-tx",68960,1555,396247,2.4926371682309267,66989,2.9422741047037575,11.206376081526603
2,"Sales & Office Occupations",6,"Sales & Office Occupations",18,"Office & Administrative Support Occupations",2018,"2018",432681,4906.3241841525305,1.0235038601455708,"Dallas-Fort Worth-Arlington, TX","31000US19100","dallas-fort-worth-arlington-tx",69390,661,471298,-8.193754270122088,63518,9.244623571271136,11.939176235167123
3,"Natural Resources, Construction, & Maintenance Occupations",7,"Natural Resources, Construction, & Maintenance Occupations",19,"Farming, Fishing, & Forestry Occupations",2018,"2018",5839,601.568782434727,0.23031947715757767,"Dallas-Fort Worth-Arlington, TX","31000US19100","dallas-fort-worth-arlington-tx",42498,5287,5922,-1.4015535292131038,37266,14.039607148607312,0.16111835286768042
3,"Natural Resources, Construction, & Maintenance Occupations",7,"Natural Resources, Construction, & Maintenance Occupations",20,"Construction & Extraction Occupations",2018,"2018",218372,3982.350687722014,1.1858434279666086,"Dallas-Fort Worth-Arlington, TX","31000US19100","dallas-fort-worth-arlington-tx",61868,2814,209645,4.162751317703737,56117,10.248231373737013,6.025644280257083
3,"Natural Resources, Construction, & Maintenance Occupations",7,"Natural Resources, Construction, & Maintenance Occupations",21,"Installation, Maintenance, & Repair Occupations",2018,"2018",117898,2577.49839961153,1.0518544180453515,"Dallas-Fort Worth-Arlington, TX","31000US19100","dallas-fort-worth-arlington-tx",73451,3422,113802,3.5992337568759774,72996,0.6233218258534714,3.253216572425721
4,"Production, Transportation, & Material Moving Occupations",8,"Production, Transportation, & Material Moving Occupations",22,"Production Occupations",2018,"2018",179255,3349.57086803668,0.8525026426130772,"Dallas-Fort Worth-Arlington, TX","31000US19100","dallas-fort-worth-arlington-tx",59469,1263,176641,1.479837636788741,57959,2.605289946341379,4.94626996802467
4,"Production, Transportation, & Material Moving Occupations",8,"Production, Transportation, & Material Moving Occupations",23,"Transportation Occupations",2018,"2018",134230,2789.926522329934,0.9916409631870438,"Dallas-Fort Worth-Arlington, TX","31000US19100","dallas-fort-worth-arlington-tx",70876,3351,128508,4.4526410807109285,67765,4.590865491035196,3.7038733525310397
0,"Management, Business, Science, & Arts Occupations",0,"Management, Business, & Financial Occupations",0,"Management Occupations",2017,"2017",397480,4845.761550055883,1.1029055393297946,"Dallas-Fort Worth-Arlington, TX","31000US19100","dallas-fort-worth-arlington-tx",148482,1850,377966,5.162898250107153,145820,1.8255383349334797,11.288998707735129
0,"Management, Business, Science, & Arts Occupations",0,"Management, Business, & Financial Occupations",1,"Business & Financial Operations Occupations",2017,"2017",213676,3588.252220789391,1.2467854505251679,"Dallas-Fort Worth-Arlington, TX","31000US19100","dallas-fort-worth-arlington-tx",124905,2607,205722,3.866382788423212,120631,3.5430362013081216,6.068703048893054
0,"Management, Business, Science, & Arts Occupations",1,"Computer, Engineering, & Science Occupations",2,"Computer & Mathematical Occupations",2017,"2017",138406,2541.3620363891487,1.3648950627931709,"Dallas-Fort Worth-Arlington, TX","31000US19100","dallas-fort-worth-arlington-tx",156825,2805,130240,6.269963144963145,152597,2.7706966716252612,3.930927732572175
0,"Management, Business, Science, & Arts Occupations",1,"Computer, Engineering, & Science Occupations",3,"Architecture & Engineering Occupations",2017,"2017",69279,1852.093410171312,1.070259380793645,"Dallas-Fort Worth-Arlington, TX","31000US19100","dallas-fort-worth-arlington-tx",154390,6768,67537,2.5793268874838975,146302,5.528290795751254,1.967622374643207
0,"Management, Business, Science, & Arts Occupations",1,"Computer, Engineering, & Science Occupations",4,"Life, Physical, & Social Science Occupations",2017,"2017",17673,1080.6784905789511,0.5720423261730797,"Dallas-Fort Worth-Arlington, TX","31000US19100","dallas-fort-worth-arlington-tx",108165,8878,16832,4.99643536121673,108011,0.14257807075205303,0.5019383973075447
0,"Management, Business, Science, & Arts Occupations",2,"Education, Legal, Community Service, Arts, & Media Occupations",5,"Community & Social Service Occupations",2017,"2017",44443,1438.8363353766126,0.7390528944501991,"Dallas-Fort Worth-Arlington, TX","31000US19100","dallas-fort-worth-arlington-tx",82726,3202,42515,4.534870045866165,82009,0.8742942847736224,1.2622445646771467
0,"Management, Business, Science, & Arts Occupations",2,"Education, Legal, Community Service, Arts, & Media Occupations",6,"Legal Occupations",2017,"2017",39142,1504.4949318625172,0.9808853540960298,"Dallas-Fort Worth-Arlington, TX","31000US19100","dallas-fort-worth-arlington-tx",185497,7110,39174,-0.08168683310358912,182594,1.5898660416004906,1.1116886067680598
0,"Management, Business, Science, & Arts Occupations",2,"Education, Legal, Community Service, Arts, & Media Occupations",7,"Education Instruction, & Library Occupations",2017,"2017",207461,3548.2616870800266,0.975130401050282,"Dallas-Fort Worth-Arlington, TX","31000US19100","dallas-fort-worth-arlington-tx",96297,1254,201159,3.132845162284561,94508,1.892961442417573,5.8921881878470295
0,"Management, Business, Science, & Arts Occupations",2,"Education, Legal, Community Service, Arts, & Media Occupations",8,"Arts, Design, Entertainment, Sports, & Media Occupations",2017,"2017",61377,1750.4345174841587,0.8817254311112166,"Dallas-Fort Worth-Arlington, TX","31000US19100","dallas-fort-worth-arlington-tx",78349,3345,59995,2.3035252937744812,75919,3.2007797784480827,1.7431943083542794
0,"Management, Business, Science, & Arts Occupations",3,"Healthcare Practitioners & Technical Occupations",9,"Health Diagnosing & Treating Practitioners & Other Technical Occupations",2017,"2017",118248,2828.994521026861,0.8409809415119288,"Dallas-Fort Worth-Arlington, TX","31000US19100","dallas-fort-worth-arlington-tx",167861,3180,112908,4.729514294824105,164506,2.0394392909681107,3.3584117922719723
0,"Management, Business, Science, & Arts Occupations",3,"Healthcare Practitioners & Technical Occupations",10,"Health Technologists & Technicians",2017,"2017",56446,1888.5086708829272,0.8475770648482097,"Dallas-Fort Worth-Arlington, TX","31000US19100","dallas-fort-worth-arlington-tx",78867,2148,52663,7.183411503332511,77615,1.6130902531727116,1.6031468779732743
1,"Service Occupations",4,"Service Occupations",11,"Healthcare Support Occupations",2017,"2017",64505,1841.4521443686772,0.7665737910769366,"Dallas-Fort Worth-Arlington, TX","31000US19100","dallas-fort-worth-arlington-tx",51268,2719,64516,-0.017050034100068202,49660,3.2380185259766407,1.8320339681051987
1,"Service Occupations",4,"Service Occupations",14,"Food Preparation & Serving Related Occupations",2017,"2017",187710,3725.2416029030924,0.9196153751387018,"Dallas-Fort Worth-Arlington, TX","31000US19100","dallas-fort-worth-arlington-tx",30762,918,184469,1.7569347695276714,29768,3.3391561408223596,5.331231627827717
1,"Service Occupations",4,"Service Occupations",15,"Building & Grounds Cleaning & Maintenance Occupations",2017,"2017",127209,3204.262785727787,0.9255042431838756,"Dallas-Fort Worth-Arlington, TX","31000US19100","dallas-fort-worth-arlington-tx",38050,1002,127627,-0.32751690473019035,36180,5.168601437258154,3.6129169684318154
1,"Service Occupations",4,"Service Occupations",16,"Personal Care & Service Occupations",2017,"2017",110224,2781.0400932025414,0.8405669814737345,"Dallas-Fort Worth-Arlington, TX","31000US19100","dallas-fort-worth-arlington-tx",36181,1374,106516,3.4811671485973936,34575,4.644974692697035,3.130518752041352
1,"Service Occupations",5,"Protective Service Occupations",12,"Fire Fighting & Prevention, & Other Protective Service Workers Including Supervisors",2017,"2017",37001,1595.5353333599355,0.8871606161612497,"Dallas-Fort Worth-Arlington, TX","31000US19100","dallas-fort-worth-arlington-tx",58570,5205,35899,3.0697233906236945,54809,6.8620117134047325,1.0508811542339425
1,"Service Occupations",5,"Protective Service Occupations",13,"Law Enforcement Workers Including Supervisors",2017,"2017",26039,1291.5204218284744,0.7614794233533179,"Dallas-Fort Worth-Arlington, TX","31000US19100","dallas-fort-worth-arlington-tx",110734,6020,25710,1.279657720731233,105303,5.157497887049751,0.7395447251452023
2,"Sales & Office Occupations",6,"Sales & Office Occupations",17,"Sales & Related Occupations",2017,"2017",396247,4768.042889907766,1.0670936997021143,"Dallas-Fort Worth-Arlington, TX","31000US19100","dallas-fort-worth-arlington-tx",66989,1322,388020,2.120251533426112,66033,1.447760968000848,11.25397974978344
2,"Sales & Office Occupations",6,"Sales & Office Occupations",18,"Office & Administrative Support Occupations",2017,"2017",471298,4871.121123519718,1.0307144599415639,"Dallas-Fort Worth-Arlington, TX","31000US19100","dallas-fort-worth-arlington-tx",63518,645,463398,1.7047980353821122,62300,1.955056179775281,13.385535153864724
3,"Natural Resources, Construction, & Maintenance Occupations",7,"Natural Resources, Construction, & Maintenance Occupations",19,"Farming, Fishing, & Forestry Occupations",2017,"2017",5922,583.4835044797753,0.23795253680402584,"Dallas-Fort Worth-Arlington, TX","31000US19100","dallas-fort-worth-arlington-tx",37266,4232,6201,-4.499274310595065,38738,-3.7998864164386394,0.1681932433008137
3,"Natural Resources, Construction, & Maintenance Occupations",7,"Natural Resources, Construction, & Maintenance Occupations",20,"Construction & Extraction Occupations",2017,"2017",209645,3822.0991614556524,1.1821207954407476,"Dallas-Fort Worth-Arlington, TX","31000US19100","dallas-fort-worth-arlington-tx",56117,2623,198379,5.679028526204891,54202,3.533079960149072,5.954216901688465
3,"Natural Resources, Construction, & Maintenance Occupations",7,"Natural Resources, Construction, & Maintenance Occupations",21,"Installation, Maintenance, & Repair Occupations",2017,"2017",113802,2613.8754752283057,1.0309051698293472,"Dallas-Fort Worth-Arlington, TX","31000US19100","dallas-fort-worth-arlington-tx",72996,4519,113308,0.4359798072510326,72087,1.260976320279662,3.2321390533804797
4,"Production, Transportation, & Material Moving Occupations",8,"Production, Transportation, & Material Moving Occupations",22,"Production Occupations",2017,"2017",176641,3518.7413943056395,0.8544130167949019,"Dallas-Fort Worth-Arlington, TX","31000US19100","dallas-fort-worth-arlington-tx",57959,1052,175916,0.4121285158825803,56585,2.4282053547760007,5.016856246183559
4,"Production, Transportation, & Material Moving Occupations",8,"Production, Transportation, & Material Moving Occupations",23,"Transportation Occupations",2017,"2017",128508,2820.226409350852,0.9926844289412166,"Dallas-Fort Worth-Arlington, TX","31000US19100","dallas-fort-worth-arlington-tx",67765,3204,124804,2.9678535944360758,66898,1.296002870040958,3.649810420483108
0,"Management, Business, Science, & Arts Occupations",0,"Management, Business, & Financial Occupations",0,"Management Occupations",2016,"2016",377966,4099.003049523139,1.1022996567893042,"Dallas-Fort Worth-Arlington, TX","31000US19100","dallas-fort-worth-arlington-tx",145820,2753,359035,5.272744997005862,143886,1.344119650278693,11.062243595540872
0,"Management, Business, Science, & Arts Occupations",0,"Management, Business, & Financial Occupations",1,"Business & Financial Operations Occupations",2016,"2016",205722,3725.738181890939,1.2484558321168175,"Dallas-Fort Worth-Arlington, TX","31000US19100","dallas-fort-worth-arlington-tx",120631,1892,200612,2.547205551013897,119126,1.2633681983781877,6.021035958159885
0,"Management, Business, Science, & Arts Occupations",1,"Computer, Engineering, & Science Occupations",2,"Computer & Mathematical Occupations",2016,"2016",130240,2571.059120284868,1.3658228709847104,"Dallas-Fort Worth-Arlington, TX","31000US19100","dallas-fort-worth-arlington-tx",152597,2413,122938,5.939579300135027,149364,2.164510859377092,3.8118418214422545
0,"Management, Business, Science, & Arts Occupations",1,"Computer, Engineering, & Science Occupations",3,"Architecture & Engineering Occupations",2016,"2016",67537,1868.3174248504988,1.0804580158662842,"Dallas-Fort Worth-Arlington, TX","31000US19100","dallas-fort-worth-arlington-tx",146302,5277,69884,-3.3584225287619485,149866,-2.3781244578490117,1.9766612491918423
0,"Management, Business, Science, & Arts Occupations",1,"Computer, Engineering, & Science Occupations",4,"Life, Physical, & Social Science Occupations",2016,"2016",16832,901.7871145675126,0.562690507738563,"Dallas-Fort Worth-Arlington, TX","31000US19100","dallas-fort-worth-arlington-tx",108011,6113,16554,1.6793524223752565,106943,0.9986628390825019,0.4926360683239867
0,"Management, Business, Science, & Arts Occupations",2,"Education, Legal, Community Service, Arts, & Media Occupations",5,"Community & Social Service Occupations",2016,"2016",42515,1514.0954395281692,0.7367419871213885,"Dallas-Fort Worth-Arlington, TX","31000US19100","dallas-fort-worth-arlington-tx",82009,2614,42503,0.028233301178740327,81435,0.704856634125376,1.2443216756650601
0,"Management, Business, Science, & Arts Occupations",2,"Education, Legal, Community Service, Arts, & Media Occupations",6,"Legal Occupations",2016,"2016",39174,1401.8091881565051,1.0026525866871905,"Dallas-Fort Worth-Arlington, TX","31000US19100","dallas-fort-worth-arlington-tx",182594,7677,37920,3.306962025316456,176337,3.5483194111275567,1.1465378648124913
0,"Management, Business, Science, & Arts Occupations",2,"Education, Legal, Community Service, Arts, & Media Occupations",7,"Education Instruction, & Library Occupations",2016,"2016",201159,3416.1744686125153,0.9725906873947892,"Dallas-Fort Worth-Arlington, TX","31000US19100","dallas-fort-worth-arlington-tx",94508,1102,198715,1.229902121128249,93699,0.8634030245787041,5.887486862404042
0,"Management, Business, Science, & Arts Occupations",2,"Education, Legal, Community Service, Arts, & Media Occupations",8,"Arts, Design, Entertainment, Sports, & Media Occupations",2016,"2016",59995,1567.808980711617,0.898365444699387,"Dallas-Fort Worth-Arlington, TX","31000US19100","dallas-fort-worth-arlington-tx",75919,3384,56759,5.701298472488944,75944,-0.032918992942167914,1.7559232960490483
0,"Management, Business, Science, & Arts Occupations",3,"Healthcare Practitioners & Technical Occupations",9,"Health Diagnosing & Treating Practitioners & Other Technical Occupations",2016,"2016",112908,2242.069802660033,0.8365577333742606,"Dallas-Fort Worth-Arlington, TX","31000US19100","dallas-fort-worth-arlington-tx",164506,3744,107934,4.608371782756128,163473,0.6319086332299524,3.3045718394917234
0,"Management, Business, Science, & Arts Occupations",3,"Healthcare Practitioners & Technical Occupations",10,"Health Technologists & Technicians",2016,"2016",52663,1842.5254408012931,0.8336352536649304,"Dallas-Fort Worth-Arlington, TX","31000US19100","dallas-fort-worth-arlington-tx",77615,2229,50336,4.62293388429752,76906,0.9219046628351494,1.5413315866294028
1,"Service Occupations",4,"Service Occupations",11,"Healthcare Support Occupations",2016,"2016",64516,2057.196393152584,0.7730924639878015,"Dallas-Fort Worth-Arlington, TX","31000US19100","dallas-fort-worth-arlington-tx",49660,1709,62219,3.691798325270416,48388,2.6287509299826404,1.8882431430602615
1,"Service Occupations",4,"Service Occupations",14,"Food Preparation & Serving Related Occupations",2016,"2016",184469,3321.3745648451036,0.9300234702841464,"Dallas-Fort Worth-Arlington, TX","31000US19100","dallas-fort-worth-arlington-tx",29768,840,178371,3.4187171681495307,29705,0.21208550749032148,5.399006825549994
1,"Service Occupations",4,"Service Occupations",15,"Building & Grounds Cleaning & Maintenance Occupations",2016,"2016",127627,2911.853189980566,0.9464697974337982,"Dallas-Fort Worth-Arlington, TX","31000US19100","dallas-fort-worth-arlington-tx",36180,726,125692,1.5394774528211819,35191,2.8103776533772837,3.735364988829934
1,"Service Occupations",4,"Service Occupations",16,"Personal Care & Service Occupations",2016,"2016",106516,2265.866942254112,0.8394922816515368,"Dallas-Fort Worth-Arlington, TX","31000US19100","dallas-fort-worth-arlington-tx",34575,1937,102574,3.843079142862714,33459,3.3354254460683226,3.1174918876899813
1,"Service Occupations",5,"Protective Service Occupations",12,"Fire Fighting & Prevention, & Other Protective Service Workers Including Supervisors",2016,"2016",35899,1314.927374420352,0.8748374482671529,"Dallas-Fort Worth-Arlington, TX","31000US19100","dallas-fort-worth-arlington-tx",54809,3217,36154,-0.7053161475908614,57629,-4.893369657637648,1.0506857305586264
1,"Service Occupations",5,"Protective Service Occupations",13,"Law Enforcement Workers Including Supervisors",2016,"2016",25710,1272.8904116223046,0.7713360130704504,"Dallas-Fort Worth-Arlington, TX","31000US19100","dallas-fort-worth-arlington-tx",105303,4836,24671,4.211422317700944,102694,2.5405573840730713,0.7524758386769069
2,"Sales & Office Occupations",6,"Sales & Office Occupations",17,"Sales & Related Occupations",2016,"2016",388020,4135.546517692674,1.0628501458985797,"Dallas-Fort Worth-Arlington, TX","31000US19100","dallas-fort-worth-arlington-tx",66033,1636,381013,1.8390448619863367,64444,2.465706660045931,11.356502330743423
2,"Sales & Office Occupations",6,"Sales & Office Occupations",18,"Office & Administrative Support Occupations",2016,"2016",463398,4896.46249857997,1.0310247137700161,"Dallas-Fort Worth-Arlington, TX","31000US19100","dallas-fort-worth-arlington-tx",62300,594,459462,0.8566540867362262,62213,0.1398421551765708,13.562652613426732
3,"Natural Resources, Construction, & Maintenance Occupations",7,"Natural Resources, Construction, & Maintenance Occupations",19,"Farming, Fishing, & Forestry Occupations",2016,"2016",6201,714.7733906630829,0.2540759405457478,"Dallas-Fort Worth-Arlington, TX","31000US19100","dallas-fort-worth-arlington-tx",38738,4424,6352,-2.3772040302267,36776,5.335001087665869,0.18148979679640218
3,"Natural Resources, Construction, & Maintenance Occupations",7,"Natural Resources, Construction, & Maintenance Occupations",20,"Construction & Extraction Occupations",2016,"2016",198379,4161.911700168565,1.1605517072773928,"Dallas-Fort Worth-Arlington, TX","31000US19100","dallas-fort-worth-arlington-tx",54202,2833,190663,4.046930972448771,51183,5.898442842349999,5.806122302640455
3,"Natural Resources, Construction, & Maintenance Occupations",7,"Natural Resources, Construction, & Maintenance Occupations",21,"Installation, Maintenance, & Repair Occupations",2016,"2016",113308,2314.543799542363,1.0420489087009137,"Dallas-Fort Worth-Arlington, TX","31000US19100","dallas-fort-worth-arlington-tx",72087,3893,111068,2.0167825116145064,77048,-6.438843318450836,3.3162789703929585
4,"Production, Transportation, & Material Moving Occupations",8,"Production, Transportation, & Material Moving Occupations",22,"Production Occupations",2016,"2016",175916,3378.037447986626,0.8688214644150225,"Dallas-Fort Worth-Arlington, TX","31000US19100","dallas-fort-worth-arlington-tx",56585,1096,178029,-1.1868852827348353,55303,2.3181382565141133,5.148679099054327
4,"Production, Transportation, & Material Moving Occupations",8,"Production, Transportation, & Material Moving Occupations",23,"Transportation Occupations",2016,"2016",124804,2493.1307627158267,1.0024531369526077,"Dallas-Fort Worth-Arlington, TX","31000US19100","dallas-fort-worth-arlington-tx",66898,3442,119403,4.5233369345828836,64991,2.934252434952532,3.652741912494465
0,"Management, Business, Science, & Arts Occupations",0,"Management, Business, & Financial Occupations",0,"Management Occupations",2015,"2015",359035,4079.512348308312,1.091777411125781,"Dallas-Fort Worth-Arlington, TX","31000US19100","dallas-fort-worth-arlington-tx",143886,3139,346592,3.5901001754223985,140900,2.119233498935415,10.787802378313282
0,"Management, Business, Science, & Arts Occupations",0,"Management, Business, & Financial Occupations",1,"Business & Financial Operations Occupations",2015,"2015",200612,3577.0392785095332,1.2558440959694692,"Dallas-Fort Worth-Arlington, TX","31000US19100","dallas-fort-worth-arlington-tx",119126,1842,193988,3.414644204796173,118761,0.307339951667635,6.027720447082274
0,"Management, Business, Science, & Arts Occupations",1,"Computer, Engineering, & Science Occupations",2,"Computer & Mathematical Occupations",2015,"2015",122938,2871.4909019532,1.3627171586841131,"Dallas-Fort Worth-Arlington, TX","31000US19100","dallas-fort-worth-arlington-tx",149364,2776,116888,5.175894873725276,148060,0.880724030798325,3.6938762203826325
0,"Management, Business, Science, & Arts Occupations",1,"Computer, Engineering, & Science Occupations",3,"Architecture & Engineering Occupations",2015,"2015",69884,2240.462675431126,1.150151833436662,"Dallas-Fort Worth-Arlington, TX","31000US19100","dallas-fort-worth-arlington-tx",149866,4308,67767,3.123939380524444,148271,1.0757329484524958,2.099780749525939
0,"Management, Business, Science, & Arts Occupations",1,"Computer, Engineering, & Science Occupations",4,"Life, Physical, & Social Science Occupations",2015,"2015",16554,978.7507343547692,0.5665099138872757,"Dallas-Fort Worth-Arlington, TX","31000US19100","dallas-fort-worth-arlington-tx",106943,9836,16034,3.243108394661345,115976,-7.788680416637924,0.4973924006589833
0,"Management, Business, Science, & Arts Occupations",2,"Education, Legal, Community Service, Arts, & Media Occupations",5,"Community & Social Service Occupations",2015,"2015",42503,1548.1643969553106,0.7611058949201118,"Dallas-Fort Worth-Arlington, TX","31000US19100","dallas-fort-worth-arlington-tx",81435,2459,40714,4.394065923269637,81135,0.36975411351451287,1.2770731669209117
0,"Management, Business, Science, & Arts Occupations",2,"Education, Legal, Community Service, Arts, & Media Occupations",6,"Legal Occupations",2015,"2015",37920,1376.9429908315014,0.9883121071502555,"Dallas-Fort Worth-Arlington, TX","31000US19100","dallas-fort-worth-arlington-tx",176337,11931,37807,0.2988864495992805,169206,4.214389560653878,1.1393693266273197
0,"Management, Business, Science, & Arts Occupations",2,"Education, Legal, Community Service, Arts, & Media Occupations",7,"Education Instruction, & Library Occupations",2015,"2015",198715,3118.242614037593,0.9823610873150842,"Dallas-Fort Worth-Arlington, TX","31000US19100","dallas-fort-worth-arlington-tx",93699,1169,195779,1.4996501156916726,95085,-1.4576431613819214,5.970721934091451
0,"Management, Business, Science, & Arts Occupations",2,"Education, Legal, Community Service, Arts, & Media Occupations",8,"Arts, Design, Entertainment, Sports, & Media Occupations",2015,"2015",56759,1644.658323178404,0.8845311049986292,"Dallas-Fort Worth-Arlington, TX","31000US19100","dallas-fort-worth-arlington-tx",75944,3898,55559,2.1598660883025254,73472,3.3645470383275264,1.7054183441466253
0,"Management, Business, Science, & Arts Occupations",3,"Healthcare Practitioners & Technical Occupations",9,"Health Diagnosing & Treating Practitioners & Other Technical Occupations",2015,"2015",107934,2489.604386242923,0.828637893599594,"Dallas-Fort Worth-Arlington, TX","31000US19100","dallas-fort-worth-arlington-tx",163473,2887,103494,4.2901037741318335,164506,-0.6279406222265449,3.2430561418827297
0,"Management, Business, Science, & Arts Occupations",3,"Healthcare Practitioners & Technical Occupations",10,"Health Technologists & Technicians",2015,"2015",50336,1702.0047003460359,0.8327743301470859,"Dallas-Fort Worth-Arlington, TX","31000US19100","dallas-fort-worth-arlington-tx",76906,2532,47460,6.059839865149599,76118,1.0352347670721775,1.5124286504512858
1,"Service Occupations",4,"Service Occupations",11,"Healthcare Support Occupations",2015,"2015",62219,1983.4696871895976,0.7526085869936858,"Dallas-Fort Worth-Arlington, TX","31000US19100","dallas-fort-worth-arlington-tx",48388,2305,61685,0.865688579071087,49950,-3.1271271271271273,1.8694731047844197
1,"Service Occupations",4,"Service Occupations",14,"Food Preparation & Serving Related Occupations",2015,"2015",178371,3851.197216451009,0.9252930562762791,"Dallas-Fort Worth-Arlington, TX","31000US19100","dallas-fort-worth-arlington-tx",29705,945,172496,3.405876078285873,29433,0.9241327761356302,5.359452694088651
1,"Service Occupations",4,"Service Occupations",15,"Building & Grounds Cleaning & Maintenance Occupations",2015,"2015",125692,2968.8415249049585,0.9493999703219527,"Dallas-Fort Worth-Arlington, TX","31000US19100","dallas-fort-worth-arlington-tx",35191,867,123628,1.669524703141683,34397,2.3083408436782276,3.776624720528509
1,"Service Occupations",4,"Service Occupations",16,"Personal Care & Service Occupations",2015,"2015",102574,2276.0731534816714,0.8366076011409621,"Dallas-Fort Worth-Arlington, TX","31000US19100","dallas-fort-worth-arlington-tx",33459,2031,99632,2.9528665488999515,32889,1.733102253032929,3.0820060471906823
1,"Service Occupations",5,"Protective Service Occupations",12,"Fire Fighting & Prevention, & Other Protective Service Workers Including Supervisors",2015,"2015",36154,1616.2079074178546,0.8883570970991215,"Dallas-Fort Worth-Arlington, TX","31000US19100","dallas-fort-worth-arlington-tx",57629,4323,35417,2.080921591326199,58845,-2.0664457473022346,1.0863069260254248
1,"Service Occupations",5,"Protective Service Occupations",13,"Law Enforcement Workers Including Supervisors",2015,"2015",24671,1242.1465291985485,0.7526911203560867,"Dallas-Fort Worth-Arlington, TX","31000US19100","dallas-fort-worth-arlington-tx",102694,7034,24503,0.68563033097988,99571,3.1364553936387103,0.7412811354752796
2,"Sales & Office Occupations",6,"Sales & Office Occupations",17,"Sales & Related Occupations",2015,"2015",381013,4471.272413977927,1.0626465210173366,"Dallas-Fort Worth-Arlington, TX","31000US19100","dallas-fort-worth-arlington-tx",64444,1737,369552,3.1013226825994717,65028,-0.8980746755243895,11.448167859869592
2,"Sales & Office Occupations",6,"Sales & Office Occupations",18,"Office & Administrative Support Occupations",2015,"2015",459462,5529.410547246424,1.0373260878616464,"Dallas-Fort Worth-Arlington, TX","31000US19100","dallas-fort-worth-arlington-tx",62213,601,453208,1.3799403364459586,62384,-0.2741087458322647,13.805298247648773
3,"Natural Resources, Construction, & Maintenance Occupations",7,"Natural Resources, Construction, & Maintenance Occupations",19,"Farming, Fishing, & Forestry Occupations",2015,"2015",6352,723.920575753998,0.26212875351814785,"Dallas-Fort Worth-Arlington, TX","31000US19100","dallas-fort-worth-arlington-tx",36776,2900,6226,2.0237712817218116,35075,4.849607982893799,0.19085638087385903
3,"Natural Resources, Construction, & Maintenance Occupations",7,"Natural Resources, Construction, & Maintenance Occupations",20,"Construction & Extraction Occupations",2015,"2015",190663,3643.823541281877,1.146363188242426,"Dallas-Fort Worth-Arlington, TX","31000US19100","dallas-fort-worth-arlington-tx",51183,2808,186422,2.2749460900537493,50044,2.275997122532172,5.72878623213989
3,"Natural Resources, Construction, & Maintenance Occupations",7,"Natural Resources, Construction, & Maintenance Occupations",21,"Installation, Maintenance, & Repair Occupations",2015,"2015",111068,2466.946695816511,1.0362341123786056,"Dallas-Fort Worth-Arlington, TX","31000US19100","dallas-fort-worth-arlington-tx",77048,6897,111414,-0.3105534313461504,78194,-1.4655855948026704,3.3372223726224455
4,"Production, Transportation, & Material Moving Occupations",8,"Production, Transportation, & Material Moving Occupations",22,"Production Occupations",2015,"2015",178029,3565.323267250811,0.8967059987587874,"Dallas-Fort Worth-Arlington, TX","31000US19100","dallas-fort-worth-arlington-tx",55303,1181,174798,1.8484193182988364,54486,1.4994677531843041,5.349176736554195
4,"Production, Transportation, & Material Moving Occupations",8,"Production, Transportation, & Material Moving Occupations",23,"Transportation Occupations",2015,"2015",119403,2908.7669208790176,0.9963120635204128,"Dallas-Fort Worth-Arlington, TX","31000US19100","dallas-fort-worth-arlington-tx",64991,3023,116468,2.5200054950716075,65251,-0.3984613262631991,3.5876612792004705
0,"Management, Business, Science, & Arts Occupations",0,"Management, Business, & Financial Occupations",0,"Management Occupations",2014,"2014",346592,4431.564622117115,1.0964706890475857,"Dallas-Fort Worth-Arlington, TX","31000US19100","dallas-fort-worth-arlington-tx",140900,2976,335285,3.3723548622813424,139318,1.1355316613790034,10.699668259408423
0,"Management, Business, Science, & Arts Occupations",0,"Management, Business, & Financial Occupations",1,"Business & Financial Operations Occupations",2014,"2014",193988,3418.2100579104267,1.2534291511654247,"Dallas-Fort Worth-Arlington, TX","31000US19100","dallas-fort-worth-arlington-tx",118761,1654,188528,2.896121531019265,117976,0.6653895707601546,5.98861845139565
0,"Management, Business, Science, & Arts Occupations",1,"Computer, Engineering, & Science Occupations",2,"Computer & Mathematical Occupations",2014,"2014",116888,2724.3041313333574,1.3694728501418043,"Dallas-Fort Worth-Arlington, TX","31000US19100","dallas-fort-worth-arlington-tx",148060,2654,111297,5.023495691707773,146255,1.2341458411678232,3.6084584280818137
0,"Management, Business, Science, & Arts Occupations",1,"Computer, Engineering, & Science Occupations",3,"Architecture & Engineering Occupations",2014,"2014",67767,1870.17913580491,1.1452620381396694,"Dallas-Fort Worth-Arlington, TX","31000US19100","dallas-fort-worth-arlington-tx",148271,4812,67501,0.39406823602613295,145093,2.190319312440986,2.09204026329324
0,"Management, Business, Science, & Arts Occupations",1,"Computer, Engineering, & Science Occupations",4,"Life, Physical, & Social Science Occupations",2014,"2014",16034,989.2583080267761,0.5630645417089313,"Dallas-Fort Worth-Arlington, TX","31000US19100","dallas-fort-worth-arlington-tx",115976,7772,15813,1.3975842661101625,118407,-2.053088077562982,0.4949868458341643
0,"Management, Business, Science, & Arts Occupations",2,"Education, Legal, Community Service, Arts, & Media Occupations",5,"Community & Social Service Occupations",2014,"2014",40714,1547.0875864022698,0.7513977966407325,"Dallas-Fort Worth-Arlington, TX","31000US19100","dallas-fort-worth-arlington-tx",81135,2741,40307,1.0097501674647082,82607,-1.7819313133269579,1.2568850219092031
0,"Management, Business, Science, & Arts Occupations",2,"Education, Legal, Community Service, Arts, & Media Occupations",6,"Legal Occupations",2014,"2014",37807,1418.8114744390812,1.002958379493416,"Dallas-Fort Worth-Arlington, TX","31000US19100","dallas-fort-worth-arlington-tx",169206,11245,37558,0.662974599286437,167151,1.22942728431179,1.1671428015749188
0,"Management, Business, Science, & Arts Occupations",2,"Education, Legal, Community Service, Arts, & Media Occupations",7,"Education Instruction, & Library Occupations",2014,"2014",195779,3510.436012805247,0.9865429574512612,"Dallas-Fort Worth-Arlington, TX","31000US19100","dallas-fort-worth-arlington-tx",95085,1121,189927,3.08118382325841,94603,0.5094975846431932,6.043908549991696
0,"Management, Business, Science, & Arts Occupations",2,"Education, Legal, Community Service, Arts, & Media Occupations",8,"Arts, Design, Entertainment, Sports, & Media Occupations",2014,"2014",55559,1857.2086581749504,0.8972188575681371,"Dallas-Fort Worth-Arlington, TX","31000US19100","dallas-fort-worth-arlington-tx",73472,3528,54396,2.138024854768733,73885,-0.5589767882520132,1.7151661573968024
0,"Management, Business, Science, & Arts Occupations",3,"Healthcare Practitioners & Technical Occupations",9,"Health Diagnosing & Treating Practitioners & Other Technical Occupations",2014,"2014",103494,2110.5681699485567,0.8230871050262254,"Dallas-Fort Worth-Arlington, TX","31000US19100","dallas-fort-worth-arlington-tx",164506,4089,98287,5.2977504654735625,166864,-1.4131268578003644,3.19497122506929
0,"Management, Business, Science, & Arts Occupations",3,"Healthcare Practitioners & Technical Occupations",10,"Health Technologists & Technicians",2014,"2014",47460,1587.544330089714,0.8212966132867536,"Dallas-Fort Worth-Arlington, TX","31000US19100","dallas-fort-worth-arlington-tx",76118,2506,44621,6.362475067793191,77287,-1.5125441536092745,1.4651413061799574
1,"Service Occupations",4,"Service Occupations",11,"Healthcare Support Occupations",2014,"2014",61685,1900.0181578079719,0.758673252557969,"Dallas-Fort Worth-Arlington, TX","31000US19100","dallas-fort-worth-arlington-tx",49950,2442,60201,2.4650753309745683,50067,-0.2336868596081251,1.9042823740352017
1,"Service Occupations",4,"Service Occupations",14,"Food Preparation & Serving Related Occupations",2014,"2014",172496,3582.260738695608,0.9242533517286801,"Dallas-Fort Worth-Arlington, TX","31000US19100","dallas-fort-worth-arlington-tx",29433,742,167136,3.2069691748037523,29373,0.2042692268409764,5.325137268243108
1,"Service Occupations",4,"Service Occupations",15,"Building & Grounds Cleaning & Maintenance Occupations",2014,"2014",123628,3181.8713047513406,0.9524249217472973,"Dallas-Fort Worth-Arlington, TX","31000US19100","dallas-fort-worth-arlington-tx",34397,809,121127,2.0647749882354884,34502,-0.30433018375746335,3.8165294858916092
1,"Service Occupations",4,"Service Occupations",16,"Personal Care & Service Occupations",2014,"2014",99632,2203.600009076057,0.8417059722179556,"Dallas-Fort Worth-Arlington, TX","31000US19100","dallas-fort-worth-arlington-tx",32889,1844,93995,5.997127506782276,32957,-0.20632945959887125,3.0757471263658136
1,"Service Occupations",5,"Protective Service Occupations",12,"Fire Fighting & Prevention, & Other Protective Service Workers Including Supervisors",2014,"2014",35417,1359.6190642970553,0.886400901257711,"Dallas-Fort Worth-Arlington, TX","31000US19100","dallas-fort-worth-arlington-tx",58845,3675,34453,2.7980146866746,59525,-1.1423771524569508,1.0933609279598724
1,"Service Occupations",5,"Protective Service Occupations",13,"Law Enforcement Workers Including Supervisors",2014,"2014",24503,1215.6516770851756,0.7583867741392701,"Dallas-Fort Worth-Arlington, TX","31000US19100","dallas-fort-worth-arlington-tx",99571,5522,24005,2.0745677983753383,98831,0.7487529216541369,0.7564339954767698
2,"Sales & Office Occupations",6,"Sales & Office Occupations",17,"Sales & Related Occupations",2014,"2014",369552,4803.603855440205,1.0503140667170647,"Dallas-Fort Worth-Arlington, TX","31000US19100","dallas-fort-worth-arlington-tx",65028,1475,367265,0.6227111213973562,64817,0.325531882067976,11.408468183342091
2,"Sales & Office Occupations",6,"Sales & Office Occupations",18,"Office & Administrative Support Occupations",2014,"2014",453208,5372.826630368785,1.0368268776857987,"Dallas-Fort Worth-Arlington, TX","31000US19100","dallas-fort-worth-arlington-tx",62384,692,453231,-0.005074674945005968,62333,0.08181861935090562,13.99101898632967
3,"Natural Resources, Construction, & Maintenance Occupations",7,"Natural Resources, Construction, & Maintenance Occupations",19,"Farming, Fishing, & Forestry Occupations",2014,"2014",6226,763.3203783471263,0.26237790449044285,"Dallas-Fort Worth-Arlington, TX","31000US19100","dallas-fort-worth-arlington-tx",35075,4621,5913,5.293421275156435,35527,-1.272271793283981,0.19220332432103696
3,"Natural Resources, Construction, & Maintenance Occupations",7,"Natural Resources, Construction, & Maintenance Occupations",20,"Construction & Extraction Occupations",2014,"2014",186422,3439.936045917133,1.1513943482943765,"Dallas-Fort Worth-Arlington, TX","31000US19100","dallas-fort-worth-arlington-tx",50044,1795,184490,1.0472112309610278,49853,0.38312639159127837,5.755047884127265
3,"Natural Resources, Construction, & Maintenance Occupations",7,"Natural Resources, Construction, & Maintenance Occupations",21,"Installation, Maintenance, & Repair Occupations",2014,"2014",111414,2697.4584334146834,1.0596173515058942,"Dallas-Fort Worth-Arlington, TX","31000US19100","dallas-fort-worth-arlington-tx",78194,5804,109904,1.3739263357111662,74647,4.75169799188179,3.439470153534213
4,"Production, Transportation, & Material Moving Occupations",8,"Production, Transportation, & Material Moving Occupations",22,"Production Occupations",2014,"2014",174798,2983.9143754471243,0.9061627888118498,"Dallas-Fort Worth-Arlington, TX","31000US19100","dallas-fort-worth-arlington-tx",54486,1054,171129,2.143996634118121,53648,1.5620339994035193,5.396202487097433
4,"Production, Transportation, & Material Moving Occupations",8,"Production, Transportation, & Material Moving Occupations",23,"Transportation Occupations",2014,"2014",116468,2448.089050667888,1.0084507766774422,"Dallas-Fort Worth-Arlington, TX","31000US19100","dallas-fort-worth-arlington-tx",65251,3034,112429,3.5924894822510205,64291,1.4932105582429889,3.5954925758147342
0,"Management, Business, Science, & Arts Occupations",0,"Management, Business, & Financial Occupations",0,"Management Occupations",2013,"2013",335285,4744.887459150112,1.0907743158530585,"Dallas-Fort Worth-Arlington, TX","31000US19100","dallas-fort-worth-arlington-tx",139318,2037,,NaN,,NaN,10.5856965150568
0,"Management, Business, Science, & Arts Occupations",0,"Management, Business, & Financial Occupations",1,"Business & Financial Operations Occupations",2013,"2013",188528,2884.4079115132104,1.2528236492480949,"Dallas-Fort Worth-Arlington, TX","31000US19100","dallas-fort-worth-arlington-tx",117976,2040,,NaN,,NaN,5.952250153125335
0,"Management, Business, Science, & Arts Occupations",1,"Computer, Engineering, & Science Occupations",2,"Computer & Mathematical Occupations",2013,"2013",111297,2286.214775562436,1.3660665837598593,"Dallas-Fort Worth-Arlington, TX","31000US19100","dallas-fort-worth-arlington-tx",146255,2479,,NaN,,NaN,3.513894940233761
0,"Management, Business, Science, & Arts Occupations",1,"Computer, Engineering, & Science Occupations",3,"Architecture & Engineering Occupations",2013,"2013",67501,1861.8069180234559,1.1600533156490929,"Dallas-Fort Worth-Arlington, TX","31000US19100","dallas-fort-worth-arlington-tx",145093,4640,,NaN,,NaN,2.1311573749581667
0,"Management, Business, Science, & Arts Occupations",1,"Computer, Engineering, & Science Occupations",4,"Life, Physical, & Social Science Occupations",2013,"2013",15813,864.6351831842144,0.5691749577326745,"Dallas-Fort Worth-Arlington, TX","31000US19100","dallas-fort-worth-arlington-tx",118407,5349,,NaN,,NaN,0.49925173805148804
0,"Management, Business, Science, & Arts Occupations",2,"Education, Legal, Community Service, Arts, & Media Occupations",5,"Community & Social Service Occupations",2013,"2013",40307,1460.3824841458486,0.7649489979222364,"Dallas-Fort Worth-Arlington, TX","31000US19100","dallas-fort-worth-arlington-tx",82607,2523,,NaN,,NaN,1.2725820404503465
0,"Management, Business, Science, & Arts Occupations",2,"Education, Legal, Community Service, Arts, & Media Occupations",6,"Legal Occupations",2013,"2013",37558,1307.7985318847855,1.0102812845811502,"Dallas-Fort Worth-Arlington, TX","31000US19100","dallas-fort-worth-arlington-tx",167151,12993,,NaN,,NaN,1.1857899688697773
0,"Management, Business, Science, & Arts Occupations",2,"Education, Legal, Community Service, Arts, & Media Occupations",7,"Education Instruction, & Library Occupations",2013,"2013",189927,3536.3783734210338,0.9761023948541819,"Dallas-Fort Worth-Arlington, TX","31000US19100","dallas-fort-worth-arlington-tx",94603,1085,,NaN,,NaN,5.996419708651423
0,"Management, Business, Science, & Arts Occupations",2,"Education, Legal, Community Service, Arts, & Media Occupations",8,"Arts, Design, Entertainment, Sports, & Media Occupations",2013,"2013",54396,1835.980664386202,0.9082551209682529,"Dallas-Fort Worth-Arlington, TX","31000US19100","dallas-fort-worth-arlington-tx",73885,3852,,NaN,,NaN,1.7174032468885565
0,"Management, Business, Science, & Arts Occupations",3,"Healthcare Practitioners & Technical Occupations",9,"Health Diagnosing & Treating Practitioners & Other Technical Occupations",2013,"2013",98287,2266.530388060129,0.8095558732277679,"Dallas-Fort Worth-Arlington, TX","31000US19100","dallas-fort-worth-arlington-tx",166864,5775,,NaN,,NaN,3.1031401744050213
0,"Management, Business, Science, & Arts Occupations",3,"Healthcare Practitioners & Technical Occupations",10,"Health Technologists & Technicians",2013,"2013",44621,1603.404191088448,0.8081027021896338,"Dallas-Fort Worth-Arlington, TX","31000US19100","dallas-fort-worth-arlington-tx",77287,3001,,NaN,,NaN,1.4087846584199992
1,"Service Occupations",4,"Service Occupations",11,"Healthcare Support Occupations",2013,"2013",60201,2016.9680215610756,0.7535179806156247,"Dallas-Fort Worth-Arlington, TX","31000US19100","dallas-fort-worth-arlington-tx",50067,2235,,NaN,,NaN,1.900680065922825
1,"Service Occupations",4,"Service Occupations",14,"Food Preparation & Serving Related Occupations",2013,"2013",167136,3322.1468962103404,0.9271055350214008,"Dallas-Fort Worth-Arlington, TX","31000US19100","dallas-fort-worth-arlington-tx",29373,684,,NaN,,NaN,5.27685692094944
1,"Service Occupations",4,"Service Occupations",15,"Building & Grounds Cleaning & Maintenance Occupations",2013,"2013",121127,2885.8277841894865,0.956105107869379,"Dallas-Fort Worth-Arlington, TX","31000US19100","dallas-fort-worth-arlington-tx",34502,796,,NaN,,NaN,3.8242500015786116
1,"Service Occupations",4,"Service Occupations",16,"Personal Care & Service Occupations",2013,"2013",93995,2411.85779016923,0.8195818580600807,"Dallas-Fort Worth-Arlington, TX","31000US19100","dallas-fort-worth-arlington-tx",32957,2265,,NaN,,NaN,2.967632145585886
1,"Service Occupations",5,"Protective Service Occupations",12,"Fire Fighting & Prevention, & Other Protective Service Workers Including Supervisors",2013,"2013",34453,1516.3620939604102,0.8807834006510405,"Dallas-Fort Worth-Arlington, TX","31000US19100","dallas-fort-worth-arlington-tx",59525,3741,,NaN,,NaN,1.0877581819444708
1,"Service Occupations",5,"Protective Service Occupations",13,"Law Enforcement Workers Including Supervisors",2013,"2013",24005,1207.258464455727,0.7524395606021087,"Dallas-Fort Worth-Arlington, TX","31000US19100","dallas-fort-worth-arlington-tx",98831,5243,,NaN,,NaN,0.7578914799169019
2,"Sales & Office Occupations",6,"Sales & Office Occupations",17,"Sales & Related Occupations",2013,"2013",367265,4394.143830144844,1.0597120454234896,"Dallas-Fort Worth-Arlington, TX","31000US19100","dallas-fort-worth-arlington-tx",64817,1139,,NaN,,NaN,11.595376562036282
2,"Sales & Office Occupations",6,"Sales & Office Occupations",18,"Office & Administrative Support Occupations",2013,"2013",453231,5245.643239870587,1.0445325397660445,"Dallas-Fort Worth-Arlington, TX","31000US19100","dallas-fort-worth-arlington-tx",62333,611,,NaN,,NaN,14.309515239917406
3,"Natural Resources, Construction, & Maintenance Occupations",7,"Natural Resources, Construction, & Maintenance Occupations",19,"Farming, Fishing, & Forestry Occupations",2013,"2013",5913,644.6433122277776,0.2569088073740428,"Dallas-Fort Worth-Arlington, TX","31000US19100","dallas-fort-worth-arlington-tx",35527,5166,,NaN,,NaN,0.18668662031862698
3,"Natural Resources, Construction, & Maintenance Occupations",7,"Natural Resources, Construction, & Maintenance Occupations",20,"Construction & Extraction Occupations",2013,"2013",184490,3725.1255012415354,1.1528933688487761,"Dallas-Fort Worth-Arlington, TX","31000US19100","dallas-fort-worth-arlington-tx",49853,2469,,NaN,,NaN,5.824761471771265
3,"Natural Resources, Construction, & Maintenance Occupations",7,"Natural Resources, Construction, & Maintenance Occupations",21,"Installation, Maintenance, & Repair Occupations",2013,"2013",109904,2609.3447453335866,1.0552147387717103,"Dallas-Fort Worth-Arlington, TX","31000US19100","dallas-fort-worth-arlington-tx",74647,5484,,NaN,,NaN,3.4699148181123594
4,"Production, Transportation, & Material Moving Occupations",8,"Production, Transportation, & Material Moving Occupations",22,"Production Occupations",2013,"2013",171129,3791.1963810913307,0.9080719679369845,"Dallas-Fort Worth-Arlington, TX","31000US19100","dallas-fort-worth-arlington-tx",53648,1344,,NaN,,NaN,5.40292485176836
4,"Production, Transportation, & Material Moving Occupations",8,"Production, Transportation, & Material Moving Occupations",23,"Transportation Occupations",2013,"2013",112429,2801.698413462805,0.9995276999364004,"Dallas-Fort Worth-Arlington, TX","31000US19100","dallas-fort-worth-arlington-tx",64291,2354,,NaN,,NaN,3.549634709251296